date,news_context
May-24,France impounds UK vessel accused of illegal fishing
May-24,Australia’s East Coast Begins Flood Cleanup as Waters Recede
May-24,South Western first rail firm renationalised by Labour
May-24,How Trump could push companies to 'eat' tariff price hikes
May-24,Junkiest Junk Is Offering a Warning Sign for Debt
May-24,Why wealth rarely survives grandchildren — and how your family can beat the odds
May-24,Buy American: How Europe Must Stock Up On Weapons for Ukraine
May-24,"Not all manufacturers stand to benefit from Trump's 'big, beautiful' bill"
May-24,Opinion: Bond market tantrum may overshadow Trump's economic plan
May-24,Nvidia's rise has been fueled by Big Tech's spending on its AI chips
May-24,Huang calls Trump re-industrialization policies 'visionary'
May-24,Here are all the reasons the economy is limping into Memorial Day weekend
May-24,New Tariff Threats Show Trade Uncertainty Here to Stay
May-24,Talking tariffs has become the new norm for CEOs on earnings calls
May-24,Apple has been the worst Big Tech stock lately. What investors are missing.
May-24,Rising bond yields give stock-market investors the yips. Watch these levels.
May-24,"Trump Risks US Consumer Discontent With His Tariffs, Poll Shows"
May-24,Bangladesh’s Interim Government Says It Will Stay the Course
May-24,India’s NTPC Reports Profit Growth on Boost in Power Generation
May-24,The stock picker's market is back: Chart of the Week
May-24,Financial guru Dave Ramsey sends blistering message to DC: 'Do your job' and protect our money
May-24,Bukele-Style Emergency Powers Are Coming to Noboa’s Ecuador
May-24,Dem lawmakers demand DOJ to not let Boeing escape criminal prosecution related to fatal 737 MAX crashes
May-24,McDonald's extending hours at most US locations this summer amid hiring surge
May-24,Turkish Central Bank Tightens Screws on Cheap Lira Window Abroad
May-24,"Pivoting From Tax Cuts to Tariffs, Trump Ignores Economic Warning Signs"
May-24,Inside United Airlines’ Operation at Newark Airport
May-24,"Retirees, Get Ready to Need Long-Term Care. Here’s What to Know."
May-24,"The Prince, His Money Manager and the Corruption Scandal Rocking Monaco"
May-24,Indonesia to Cut Transport and Power Prices to Spur Consumption
May-24,"Monsoon Arrives Early in India, Bolstering Outlook for Key Crops"
May-24,"Pakistan’s Next Funding Review in Second Half of 2025, IMF Says"
May-24,The Gut-Wrenching Play in Investing Right Now: Buy and Hold
May-24,How China Stands in the Way of a U.S.-Vietnam Trade Deal
May-24,Trump’s E.U. Tariff Threat Could Cause Economic Damage Beyond Europe
May-23,"Oil gains on short-covering, nuclear talks"
May-23,China Jets Used in India-Pakistan Clash Spur Defense Stock Surge
May-23,"Gas prices hit their lowest Memorial Day level in four years, expert says"
May-23,Crypto Trader’s Convictions Vacated in Mango Markets Fraud Case
May-23,"Stock Market News, May 23, 2025: Trump Threatens EU With 50% Tariffs, Takes Aim at Apple; Nasdaq Drops"
May-23,StubHub’s CEO Isn’t Delusional. That’s Why He Hasn’t IPO’d Yet.
May-23,Brookfield Asset Management Set to Join Large-Cap Russell 1000
May-23,Ship crossings to the U.S. are being canceled. Trump’s latest threat won’t help.
May-23,Record £1.23bn Paid Out in Pet Insurance Claims in 2024
May-23,NJ Transit Engineers Contract Will Hike Pay to Over $50 Per Hour
May-23,Tim Cook tried to get ahead of Trump's tariffs. It wasn't enough.
May-23,"Opinion: Why Apple won't make iPhones in US, even with a 25% tariff"
May-23,Travelers Avoid Trips to Japan Over Viral Comic Book’s Quake Prediction
May-23,Karen Dunn and Other Top Lawyers Depart Paul Weiss to Start Firm
May-23,"Trump threatens EU, smartphones as tariff rhetoric escalates"
May-23,Nvidia CEO Jensen Huang now wants to help his rivals succeed. He’s not crazy.
May-23,Sixth Street Partners-Backed Caris Life Sciences Files for IPO
May-23,Who won a seat at Trump’s crypto Dinner?
May-23,US Beef Supplies Are Shrinking as Grilling Season Begins
May-23,Florida Insurer Slide Files for IPO Disclosing Growing Revenue
May-23,"Buy now, pay later usage for groceries nearly doubles as consumers struggle with food costs"
May-23,Trump Says US Steel Will Become Partners With Nippon Steel
May-23,Eight words investment advisers can’t use in marketing their services
May-23,Salesforce Back in Deal Talks With Informatica
May-23,Trading Day: Trump shatters tariff calm with new salvo
May-23,Bad Week for Wall Street’s Old Guard as Crypto Burns the Haters
May-23,U.S. Steel continues to rise after hours as Trump backs Nippon Steel partnership
May-23,Hedge Funds Turn More Bullish on Brent Oil as Iran Talks Stall
May-23,"Judge rules Trump acted lawfully in Chinese tariffs, in court win for White House"
May-23,Nano Nuclear Energy CEO weighs impact of Trump’s executive orders on nuclear reactors
May-23,U.S. Steel shares surge 22% after Trump backs Nippon Steel partnership
May-23,Stocks suffer weekly losses as Trump tariff threats roar back
May-23,Stocks Get Hit as Trump ‘Not Looking’ for EU Deal: Markets Wrap
May-23,Salesforce and Apple are sharpest decliners as Dow drops nearly 260 points
May-23,"Dow slides 200 points, S&P 500 tumbles for a fourth day after Trump threatens tariffs on EU, Apple"
May-23,Boeing to Avoid Guilty Plea With DOJ Over 737 Max Crashes
May-23,"Trump shows approval for Nippon Steel's bid for US Steel, blesses 'planned partnership'"
May-23,Wall St falls as Trump tariff threats spark market uncertainty
May-23,Indian IT giant investigates M&S cyber attack link
May-23,Trump’s tariffs have ‘really spooked people’: Financial expert
May-23,GameStop’s stock is in play again. This time it’s not a meme thing.
May-23,Tween Retailer Claire’s Taps Advisers as Tariff Worries Mount
May-23,Inside U.S. nuclear energy landscape as Trump seeks to fast-track reactor approvals
May-23,Tether Focuses Elsewhere While US Seeks to Regulate Stablecoins
May-23,Bessent Says Trump Paused Sovereign Wealth Fund to Focus on Debt
May-23,Deere Makes First Investment in Farm Drones With Imaging Deal
May-23,"Emerging Stocks, FX Gain as Traders Ditch US on Policy Risks"
May-23,FOX Business Briefs 5/23
May-23,Investors see worsening US deficit outlook as tax bill heads to Senate
May-23,"US equity funds face weekly outflows on debt concerns, rising yields"
May-23,Faisal Islam: Trump's tariff plans could spark global economic shock
May-24,The Market Is Setting Up For A Move (Technical Analysis)
May-24,Cuba Now A Strategic Battleground For China Against The US
May-24,"Ours Is A System Of Fraud, Swindles, And Corruption"
May-24,"""Completely Insane"": Wired Posts DIY Video For Mangione's Ghost Gun"
May-24,Doug Casey On The Neocons And Their Push For The Next Big War
May-24,Nvidia Reportedly Prepares Mass Production Of Cheaper China-Centric Blackwell AI Chip
May-24,Trump’s Attacks on Law Firms Correctly Smacked Again by the Courts
May-24,"Here Are The Countries That Have Reached, Or Are Considering, Deportation Deals With US"
May-24,Trump's Big Bill Is Beautiful For Areas With Many Retirees
May-24,House Oversight Chair Wants To Question Biden Handlers Acting As 'De Facto Presidents'
May-24,Anthropic's Latest AI Model Threatened Engineers With Blackmail To Avoid Shutdown
May-24,Watch: Army Suspends Rangers After They Fired Blanks Near Crowded Florida Beach
May-24,"Harvard Take Two, Who Should Be Responsible for Foreign Student Visas?"
May-24,Real Estate Newsletter Articles this Week: Existing-Home Sales Decreased to 4.00 million SAAR in April
May-24,Holiday Interlude …
May-24,"Trump’s Big, Beautiful, New America (and World)"
May-24,"BYD Overtakes Tesla in Europe for the First Time, Sales Jump 169 Percent"
May-24,Fidelis Insurance: Attractive Valuation As One-Time Pressures Pass
May-24,Saturday links: a moral center
May-24,Analog Devices: Don't Jump On Conclusions From Recent Earnings (Rating Upgrade)
May-24,"Schedule for Week of May 25, 2025"
May-24,Book Bits: 24 May 2025
May-24,An Unstoppable Bull Market?
May-24,Over 6% Yield And A Deep Discount: Is United Parcel Service The Best Contrarian Play In 2025?
May-24,Vista Energy: My Preferred Oil Stock Due To Key Competitive Advantages Against Big Oil
May-23,"S&P 500 and Nasdaq 100 Outlook, Is the Big Rally Over?"
May-23,May 23rd COVID Update: Weekly COVID Deaths at New Pandemic Low
May-23,Gold’s Jagged Ascent
May-23,America is not healthy
May-23,New home sales make 3 year high as price pressures for existing homes abate and inventory increases
May-23,Friday links: the convenience economy
May-23,Judge Blocks Trump’s Move to Ban Harvard from Enrolling Foreign Students
May-23,Q2 GDP Tracking: Low 2%
May-23,SCOTUS killed the civil service
May-23,Who Pays for Postal Privatization?
May-23,BlackRock Is Better Than NVIDIA For AI Infrastructure Investment
May-23,"“Talks Going Nowhere”, Trump Threatens EU with a 50 Percent Tariff in June"
May-23,United Rentals: Compounded Growth And An Intangible Moat
May-23,"Newsletter: New Home Sales Increase to 743,000 Annual Rate in April"
May-23,Trump Commands Apple to Make iPhones in the US or Pay 25 Percent Tariff
May-23,"New Home Sales Increase to 743,000 Annual Rate in April"
May-23,Podcast links: the new space race
May-23,"MiB: Ron Shaich, Au Bon Pain, Panera Bread & CAVA"
May-23,Navitas Semiconductor: Wait For The Inevitable Market Reckoning
May-23,Buy Broadcaster RTL Group On The Cheap For Diversification And Dividends
May-23,EFV: A Global Stock ETF Trading At A Significant Value To The S&P500
May-23,Trump Stupidly Blocks Harvard From Enrolling Foreign Students
May-23,"ICE First Look at April Mortgage Performance: ""Foreclosure Activity Edges Higher Following Recent Record Lows"""
May-23,Inflation Anxiety And The “Big Beautiful Bill”
May-23,What you need to share about the “one big beautiful” ugly horrible bill
May-23,Macro Briefing: 23 May 2025
May-23,10 Friday Pre-Memorial Day Weekend Reads
May-23,Why Are Yields Surging In Japan?
May-23,The Anchoring Problem And How To Solve It
May-22,The Bond Market is Not Amused: on the importance of Moddy’s debt downgrade and the GOP budget bill
May-22,Friday: New Home Sales
May-22,Supreme Court Allows Trump to Fire NLRB and Merit Board Members
May-22,On the Brink: India vs. Pakistan
May-22,Market Fade Begins
May-22,"Realtor.com Reports Most Actively ""For Sale"" Inventory since 2019"
May-22,"The One Big, Irresponsible, Deficit-Increasing Bill Passes the House"
May-22,Hotels: Occupancy Rate Decreased 0.4% Year-over-year
May-22,Thursday links: a hard day to invest
May-22,What is Islam to Christianity?
May-22,The higher education gospel according to Zuckerberg
May-22,Cuts to Medicaid and maybe Medicare
May-22,Longform links: making waste disappear
May-22,At the Money: Morgan Housel on The Art of Spending Money
May-22,Most US Treasury Prices Slide Since “Liberation Day”
May-22,1/3 of Medicare Spending is Wasted
May-22,"Jobless claims: more of the same old, same old"
May-22,Macro Briefing: 22 May 2025
May-22,Bond Yields Are Surging: Narratives Vs. Fundamentals
May-21,Goodbye Kyoto...Hello Tokyo
May-21,Ron Paul: Slash Military Spending and End the Fed
May-21,Wednesday links: institutional forgetting
May-21,Personal finance links: a financial buffer
May-21,"“Sorry, Steve: Here’s Why Apple Stores Won’t Work”"
May-21,Markets Still Expect Fed To Keep Rates Steady For Near Term
May-21,Macro Briefing: 21 May 2025
May-21,Retail Is Fearless: Buy The Dip Is On Steroids
May-21,Death Of The Dollar: An Eternal Tale
May-20,Semiconductor Index Shapes 'Bull Flag'
May-20,The KGB Spy Who Predicted Our Future
May-20,"Transcript: John Montgomery, Bridgeway Capital Management"
May-20,Tuesday links: deliberate lies
May-20,The Agentic Web and Original Sin
May-20,Research links: unwieldy and inefficient
May-20,Donald of Arabia
May-20,The Truth About Trading Success
